<ImportExportXml xmlns:xsi="http://www.w3.org/2001/XMLSchema-instance">
  <Entities></Entities>
  <Roles></Roles>
  <Workflows></Workflows>
  <FieldSecurityProfiles></FieldSecurityProfiles>
  <Templates />
  <EntityMaps />
  <EntityRelationships />
  <OrganizationSettings />
  <optionsets />
  <WebResources>
    <WebResource>
      <WebResourceId>{4e7c0bf5-1a3a-e711-811c-c4346bdc3c21}</WebResourceId>
      <Name>sav_/script/fetchutil.js</Name>
      <DisplayName>/script/fetchutil.js</DisplayName>
      <WebResourceType>3</WebResourceType>
      <IntroducedVersion>1.0.0.0</IntroducedVersion>
      <IsEnabledForMobileClient>0</IsEnabledForMobileClient>
      <IsAvailableForMobileOffline>0</IsAvailableForMobileOffline>
      <DependencyXml>&lt;Dependencies&gt;&lt;Dependency componentType="WebResource"/&gt;&lt;/Dependencies&gt;</DependencyXml>
      <IsCustomizable>1</IsCustomizable>
      <CanBeDeleted>1</CanBeDeleted>
      <IsHidden>0</IsHidden>
      <FileName>/WebResources/sav_scriptfetchutiljs4E7C0BF5-1A3A-E711-811C-C4346BDC3C21</FileName>
    </WebResource>
    <WebResource>
      <WebResourceId>{483ae712-1b3a-e711-811c-c4346bdc3c21}</WebResourceId>
      <Name>sav_/script/googleMap.js</Name>
      <DisplayName>/script/googleMap.js</DisplayName>
      <WebResourceType>3</WebResourceType>
      <IntroducedVersion>1.0.0.0</IntroducedVersion>
      <IsEnabledForMobileClient>0</IsEnabledForMobileClient>
      <IsAvailableForMobileOffline>0</IsAvailableForMobileOffline>
      <DependencyXml>&lt;Dependencies&gt;&lt;Dependency componentType="WebResource"/&gt;&lt;/Dependencies&gt;</DependencyXml>
      <IsCustomizable>1</IsCustomizable>
      <CanBeDeleted>1</CanBeDeleted>
      <IsHidden>0</IsHidden>
      <FileName>/WebResources/sav_scriptgoogleMapjs483AE712-1B3A-E711-811C-C4346BDC3C21</FileName>
    </WebResource>
    <WebResource>
      <WebResourceId>{95f23e31-1b3a-e711-811c-c4346bdc3c21}</WebResourceId>
      <Name>sav_/script/jqueryui.min.js</Name>
      <DisplayName>/script/jqueryui.min.js</DisplayName>
      <WebResourceType>3</WebResourceType>
      <IntroducedVersion>1.0.0.0</IntroducedVersion>
      <IsEnabledForMobileClient>0</IsEnabledForMobileClient>
      <IsAvailableForMobileOffline>0</IsAvailableForMobileOffline>
      <DependencyXml>&lt;Dependencies&gt;&lt;Dependency componentType="WebResource"/&gt;&lt;/Dependencies&gt;</DependencyXml>
      <IsCustomizable>1</IsCustomizable>
      <CanBeDeleted>1</CanBeDeleted>
      <IsHidden>0</IsHidden>
      <FileName>/WebResources/sav_scriptjqueryuiminjs95F23E31-1B3A-E711-811C-C4346BDC3C21</FileName>
    </WebResource>
    <WebResource>
      <WebResourceId>{a347fc48-1b3a-e711-811c-c4346bdc3c21}</WebResourceId>
      <Name>sav_/WS/jqueryui.css</Name>
      <DisplayName>/WS/jqueryui.css</DisplayName>
      <WebResourceType>2</WebResourceType>
      <IntroducedVersion>1.0.0.0</IntroducedVersion>
      <IsEnabledForMobileClient>0</IsEnabledForMobileClient>
      <IsAvailableForMobileOffline>0</IsAvailableForMobileOffline>
      <DependencyXml>&lt;Dependencies&gt;&lt;Dependency componentType="WebResource"/&gt;&lt;/Dependencies&gt;</DependencyXml>
      <IsCustomizable>1</IsCustomizable>
      <CanBeDeleted>1</CanBeDeleted>
      <IsHidden>0</IsHidden>
      <FileName>/WebResources/sav_WSjqueryuicssA347FC48-1B3A-E711-811C-C4346BDC3C21</FileName>
    </WebResource>
    <WebResource>
      <WebResourceId>{20201872-1b3a-e711-811c-c4346bdc3c21}</WebResourceId>
      <Name>sav_/WS/search.png</Name>
      <DisplayName>/WS/search.png</DisplayName>
      <WebResourceType>5</WebResourceType>
      <IntroducedVersion>1.0.0.0</IntroducedVersion>
      <IsEnabledForMobileClient>0</IsEnabledForMobileClient>
      <IsAvailableForMobileOffline>0</IsAvailableForMobileOffline>
      <DependencyXml>&lt;Dependencies&gt;&lt;Dependency componentType="WebResource"/&gt;&lt;/Dependencies&gt;</DependencyXml>
      <IsCustomizable>1</IsCustomizable>
      <CanBeDeleted>1</CanBeDeleted>
      <IsHidden>0</IsHidden>
      <FileName>/WebResources/sav_WSsearchpng20201872-1B3A-E711-811C-C4346BDC3C21</FileName>
    </WebResource>
    <WebResource>
      <WebResourceId>{4eef4f89-1b3a-e711-811c-c4346bdc3c21}</WebResourceId>
      <Name>sav_/WS/googleMap.html</Name>
      <DisplayName>/WS/googleMap.html</DisplayName>
      <WebResourceType>1</WebResourceType>
      <IntroducedVersion>1.0.0.0</IntroducedVersion>
      <IsEnabledForMobileClient>0</IsEnabledForMobileClient>
      <IsAvailableForMobileOffline>0</IsAvailableForMobileOffline>
      <DependencyXml>&lt;Dependencies&gt;&lt;Dependency componentType="WebResource"/&gt;&lt;/Dependencies&gt;</DependencyXml>
      <IsCustomizable>1</IsCustomizable>
      <CanBeDeleted>1</CanBeDeleted>
      <IsHidden>0</IsHidden>
      <FileName>/WebResources/sav_WSgoogleMaphtml4EEF4F89-1B3A-E711-811C-C4346BDC3C21</FileName>
    </WebResource>
  </WebResources>
  <Languages>
    <Language>1033</Language>
  </Languages>
</ImportExportXml>